Split,AUC,PR-AUC,Recall,Precision,Accuracy,Brier
Train,0.999519387037497,0.9974175911038196,0.9891214768419316,0.953296266878475,0.990710156895128,0.0153721086680889
Validation,0.9698410804484068,0.9214931731292092,0.8500576701268743,0.8599766627771295,0.9548410404624278,0.0399538986384868
Test,0.9685819481015332,0.9140179723200624,0.8523021473849562,0.8080174659832107,0.9452063598741203,0.0420250594615936
